{
  "SiC-1": {
    "thickness_um": 21.0753,
    "thickness_cm": 0.00210753,
    "delta_sigma_cm1": 75.8532,
    "delta_sigma_std": 40.7997,
    "n": 3.1277,
    "peak_positions": [
      985.45,
      1012.93,
      1085.73,
      1213.01
    ],
    "num_peaks": 4
  },
  "SiC-2": {
    "thickness_um": 20.5528,
    "thickness_cm": 0.00205528,
    "delta_sigma_cm1": 77.7816,
    "delta_sigma_std": 40.3491,
    "n": 3.1277,
    "peak_positions": [
      988.34,
      1016.78,
      1094.4,
      1221.68
    ],
    "num_peaks": 4
  },
  "Si-1": {
    "thickness_um": 3.6865,
    "thickness_cm": 0.00036865,
    "delta_sigma_cm1": 396.5754,
    "delta_sigma_std": 41.0636,
    "n": 3.42,
    "peak_positions": [
      418.48,
      433.9,
      747.28,
      1106.46,
      1508.54,
      1927.5,
      2347.43,
      2779.4,
      3209.93
    ],
    "num_peaks": 9,
    "fringe_contrast": 0.9963,
    "is_multi_beam": 