{
  "SiC-1": {
    "thickness_um": 58.1733,
    "thickness_cm": 0.00581733,
    "delta_sigma_cm1": 27.4805,
    "delta_sigma_std": 0.0,
    "n": 3.1277,
    "peak_positions": [
      985.45,
      1012.93
    ],
    "num_peaks": 2,
    "raw_peak_positions": [
      985.45,
      1012.93,
      1085.73,
      1213.01
    ],
    "fringe_contrast": 0.9866,
    "is_multi_beam": true
  },
  "SiC-2": {
    "thickness_um": 56.2012,
    "thickness_cm": 0.00562012,
    "delta_sigma_cm1": 28.4448,
    "delta_sigma_std": 0.0,
    "n": 3.1277,
    "peak_positions": [
      988.34,
      1016.78
    ],
    "num_peaks": 2,
    "raw_peak_positions": [
      988.34,
      1016.78,
      1094.4,
      1221.68
    ],
    "fringe_contrast": 0.9807,
    "is_multi_beam": true
  },
  "Si-1": {
    "thickness_um": 3.4752,
    "thickness_cm": 0.00034752,
    "delta_sigma_cm1": 420.695,
    "delta_sigma_std": 9.9726,
    "n": 3.42,
    "peak_positions": [
      1105.49,
      1509.03,
      1927.02,
      2347.91,
      2779.4,
      3208.97
    ],
    "num_peaks": 6,
    "raw_peak_positions": [
      418.48,
      747.28,
      1105.49,
      1509.03,
      1927.02,
      2347.91,
      2779.4,
      3208.97
    ],
    "fringe_contrast": 0.9963,
    "is_multi_beam": true
  },
  "Si-2": {
    "thickness_um": 3.428,
    "thickness_cm": 0.0003428,
    "delta_sigma_cm1": 426.4804,
    "delta_sigma_std": 13.8953,
    "n": 3.42,
    "peak_positions": [
      1109.83,
      1519.15,
      1942.93,
      2388.41,
      2803.03,
      3242.24
    ],
    "num_peaks": 6,
    "raw_peak_positions": [
      750.17,
      1109.83,
      1519.15,
      1942.93,
      2388.41,
      2803.03,
      3242.24
    ],
    "fringe_contrast": 0.9923,
    "is_multi_beam": true
  }
}